{"cameraMode":{"drawMode":0,"name":"Shaded","section":"Shading Mode"},"sceneLighting":false,"audioPlay":false,"sceneViewState":{"showFog":true,"showMaterialUpdate":true,"showSkybox":false,"showFlares":true,"showImageEffects":true,"showParticleSystems":true},"in2DMode":false,"pivot":{"x":0.0,"y":-0.000014543533325195313,"z":-0.000002384185791015625},"rotation":{"x":0.2619226276874542,"y":0.7266234159469605,"z":-0.36727339029312136,"w":0.5181941986083984},"size":28.261974334716798,"orthographic":true}