{"cameraMode":{"drawMode":0,"name":"Shaded","section":"Shading Mode"},"sceneLighting":false,"audioPlay":false,"sceneViewState":{"showFog":true,"showMaterialUpdate":true,"showSkybox":false,"showFlares":true,"showImageEffects":true,"showParticleSystems":true},"in2DMode":false,"pivot":{"x":-0.000002384185791015625,"y":0.023122310638427736,"z":-0.05684185028076172},"rotation":{"x":0.2619226276874542,"y":0.7266234159469605,"z":-0.36727339029312136,"w":0.5181941986083984},"size":28.89725685119629,"orthographic":true}