{"cameraMode":{"drawMode":0,"name":"Shaded","section":"Shading Mode"},"sceneLighting":true,"audioPlay":false,"sceneViewState":{"showFog":true,"showMaterialUpdate":true,"showSkybox":true,"showFlares":true,"showImageEffects":true,"showParticleSystems":true},"in2DMode":false,"pivot":{"x":0.6480276584625244,"y":-1.563065528869629,"z":0.9713363647460938},"rotation":{"x":-0.013408410362899304,"y":0.9836668968200684,"z":-0.15924833714962007,"w":-0.08282291144132614},"size":18.670799255371095,"orthographic":false}