{"cameraMode":{"drawMode":0,"name":"Shaded","section":"Shading Mode"},"sceneLighting":true,"audioPlay":false,"sceneViewState":{"showFog":true,"showMaterialUpdate":false,"showSkybox":true,"showFlares":true,"showImageEffects":true,"showParticleSystems":true},"in2DMode":false,"pivot":{"x":-30.0,"y":28.528295516967775,"z":1199.919189453125},"rotation":{"x":0.011446204967796803,"y":0.20315846800804139,"z":0.0023747810628265144,"w":-0.979076087474823},"size":59.35505676269531,"orthographic":false}