{"cameraMode":{"drawMode":0,"name":"Shaded","section":"Shading Mode"},"sceneLighting":true,"audioPlay":false,"sceneViewState":{"showFog":true,"showMaterialUpdate":false,"showSkybox":true,"showFlares":true,"showImageEffects":true,"showParticleSystems":true},"in2DMode":false,"pivot":{"x":856.6369018554688,"y":246.05181884765626,"z":1556.260498046875},"rotation":{"x":-0.15576264262199403,"y":0.8153635859489441,"z":-0.25652480125427248,"w":-0.49509117007255556},"size":1091.7044677734375,"orthographic":false}