{"cameraMode":{"drawMode":0,"name":"Shaded","section":"Shading Mode"},"sceneLighting":true,"audioPlay":false,"sceneViewState":{"showFog":true,"showMaterialUpdate":false,"showSkybox":true,"showFlares":true,"showImageEffects":true,"showParticleSystems":true},"in2DMode":false,"pivot":{"x":1.3673601150512696,"y":0.9134743213653565,"z":4.731616973876953},"rotation":{"x":-0.23062607645988465,"y":0.29836180806159975,"z":-0.07453694939613342,"w":-0.9231663942337036},"size":278.3931579589844,"orthographic":true}