{"cameraMode":{"drawMode":0,"name":"Shaded","section":"Shading Mode"},"sceneLighting":true,"audioPlay":false,"sceneViewState":{"showFog":true,"showMaterialUpdate":true,"showSkybox":true,"showFlares":true,"showImageEffects":true,"showParticleSystems":true},"in2DMode":false,"pivot":{"x":4.776811599731445,"y":-3.757115364074707,"z":2.0237598419189455},"rotation":{"x":-0.029201500117778779,"y":0.9666706919670105,"z":-0.1286521553993225,"w":-0.21941688656806947},"size":14.801586151123047,"orthographic":false}